{
    "accuracy": 0.76419997215271,
    "loss": 0.5222800970077515
}